{
  "project_info": {
    "project_number": "955804144152",
    "firebase_url": "https://publicar-productos.firebaseio.com",
    "project_id": "publicar-productos",
    "storage_bucket": "publicar-productos.appspot.com"
  },
  "client": [
    {
      "client_info": {
        "mobilesdk_app_id": "1:955804144152:android:9627e06d4ce296d236296d",
        "android_client_info": {
          "package_name": "com.mark.firebasestorage"
        }
      },
      "oauth_client": [
        {
          "client_id": "955804144152-5p0nv878hj626j3t3dpc84nbofaka3cr.apps.googleusercontent.com",
          "client_type": 1,
          "android_info": {
            "package_name": "com.mark.firebasestorage",
            "certificate_hash": "4e93d221d6867f9d232b518b142c4333a430e323"
          }
        },
        {
          "client_id": "955804144152-0tovkep8ojnv3vmhn74ti7prj0i4h9b3.apps.googleusercontent.com",
          "client_type": 3
        }
      ],
      "api_key": [
        {
          "current_key": "AIzaSyCYrNJq6H_5zYF4bj5rPBBMEOpuA9cw7UQ"
        }
      ],
      "services": {
        "appinvite_service": {
          "other_platform_oauth_client": [
            {
              "client_id": "955804144152-0tovkep8ojnv3vmhn74ti7prj0i4h9b3.apps.googleusercontent.com",
              "client_type": 3
            }
          ]
        }
      }
    }
  ],
  "configuration_version": "1"
}